-- MySQL dump 10.13  Distrib 8.0.34, for Win64 (x86_64)
--
-- Host: 127.0.0.1    Database: test
-- ------------------------------------------------------
-- Server version	8.0.34

/*!40101 SET @OLD_CHARACTER_SET_CLIENT=@@CHARACTER_SET_CLIENT */;
/*!40101 SET @OLD_CHARACTER_SET_RESULTS=@@CHARACTER_SET_RESULTS */;
/*!40101 SET @OLD_COLLATION_CONNECTION=@@COLLATION_CONNECTION */;
/*!50503 SET NAMES utf8mb4 */;
/*!40103 SET @OLD_TIME_ZONE=@@TIME_ZONE */;
/*!40103 SET TIME_ZONE='+00:00' */;
/*!40014 SET @OLD_UNIQUE_CHECKS=@@UNIQUE_CHECKS, UNIQUE_CHECKS=0 */;
/*!40014 SET @OLD_FOREIGN_KEY_CHECKS=@@FOREIGN_KEY_CHECKS, FOREIGN_KEY_CHECKS=0 */;
/*!40101 SET @OLD_SQL_MODE=@@SQL_MODE, SQL_MODE='NO_AUTO_VALUE_ON_ZERO' */;
/*!40111 SET @OLD_SQL_NOTES=@@SQL_NOTES, SQL_NOTES=0 */;

--
-- Table structure for table `admins`
--

DROP TABLE IF EXISTS `admins`;
/*!40101 SET @saved_cs_client     = @@character_set_client */;
/*!50503 SET character_set_client = utf8mb4 */;
CREATE TABLE `admins` (
  `id` int NOT NULL AUTO_INCREMENT,
  `username` varchar(80) CHARACTER SET utf8mb3 COLLATE utf8mb3_unicode_ci DEFAULT NULL,
  `email` varchar(320) CHARACTER SET utf8mb3 COLLATE utf8mb3_unicode_ci DEFAULT NULL,
  `password` varchar(32) CHARACTER SET utf8mb3 COLLATE utf8mb3_unicode_ci NOT NULL,
  PRIMARY KEY (`id`),
  UNIQUE KEY `username` (`username`),
  UNIQUE KEY `email` (`email`)
) ENGINE=MyISAM DEFAULT CHARSET=utf8mb3 COLLATE=utf8mb3_unicode_ci;
/*!40101 SET character_set_client = @saved_cs_client */;

--
-- Dumping data for table `admins`
--

LOCK TABLES `admins` WRITE;
/*!40000 ALTER TABLE `admins` DISABLE KEYS */;
/*!40000 ALTER TABLE `admins` ENABLE KEYS */;
UNLOCK TABLES;

--
-- Table structure for table `attendance`
--

DROP TABLE IF EXISTS `attendance`;
/*!40101 SET @saved_cs_client     = @@character_set_client */;
/*!50503 SET character_set_client = utf8mb4 */;
CREATE TABLE `attendance` (
  `id` int NOT NULL AUTO_INCREMENT,
  `s_id` varchar(13) CHARACTER SET utf8mb3 COLLATE utf8mb3_unicode_ci DEFAULT NULL,
  `c_id` varchar(100) CHARACTER SET utf8mb3 COLLATE utf8mb3_unicode_ci DEFAULT NULL,
  `time` datetime DEFAULT NULL,
  `result` varchar(10) CHARACTER SET utf8mb3 COLLATE utf8mb3_unicode_ci NOT NULL,
  PRIMARY KEY (`id`),
  KEY `s_id` (`s_id`),
  KEY `c_id` (`c_id`)
) ENGINE=MyISAM AUTO_INCREMENT=143 DEFAULT CHARSET=utf8mb3 COLLATE=utf8mb3_unicode_ci;
/*!40101 SET character_set_client = @saved_cs_client */;

--
-- Dumping data for table `attendance`
--

LOCK TABLES `attendance` WRITE;
/*!40000 ALTER TABLE `attendance` DISABLE KEYS */;
INSERT INTO `attendance` VALUES (1,'2023010720322','100001','2024-12-04 13:59:21','缺勤'),(2,'2023010720322','100001','2024-12-04 14:00:18','已签到'),(3,'2023010720322','100001','2024-12-06 14:55:36','已签到'),(4,'2023010720322','100001','2024-12-06 22:05:54','已签到'),(5,'2023010720322','100001','2024-12-18 19:21:04','缺勤'),(6,'2023010720322','100001','2024-12-19 10:41:25','缺勤'),(7,'2023010720322','100001','2024-12-19 10:48:20','已签到'),(8,'2023010720322','100001','2024-12-19 11:08:47','缺勤'),(9,'2023010720322','100001','2024-12-19 11:42:28','已签到'),(10,'2023010720322','100001','2024-12-19 11:45:10','已签到'),(11,'2023010720322','100001','2024-12-19 12:08:24','已签到'),(12,'2023010720322','100001','2024-12-19 13:34:28','缺勤'),(13,'2023010720322','100001','2024-12-19 13:36:12','已签到'),(14,'2023010720322','100001','2024-12-19 13:39:53','已签到'),(15,'2023010720322','100001','2024-12-19 13:52:39','缺勤'),(16,'2023010720322','100001','2024-12-19 13:55:31','已签到'),(17,'2023010720322','100001','2024-12-19 13:59:28','已签到'),(18,'2023010720322','100001','2024-12-19 14:01:52','已签到'),(19,'2023010720322','100001','2024-12-19 14:04:06','已签到'),(20,'2023010720322','100001','2024-12-19 14:25:14','已签到'),(21,'2023010720322','100001','2024-12-19 14:29:02','已签到'),(22,'2023010720322','100001','2024-12-19 14:35:40','已签到'),(23,'2023010720322','100001','2024-12-19 14:36:02','已签到'),(24,'2023010720322','100001','2024-12-19 14:40:08','缺勤'),(25,'2023010720322','100001','2024-12-19 14:51:42','已签到'),(26,'2023010720322','100001','2024-12-19 14:55:29','已签到'),(27,'2023010720322','100001','2024-12-19 14:57:23','已签到'),(28,'2023010720322','100001','2024-12-19 15:00:24','已签到'),(29,'2023010720322','100001','2024-12-19 15:09:42','已签到'),(30,'2023010720322','100001','2024-12-19 15:13:18','已签到'),(31,'2023010720322','100001','2024-12-19 15:17:53','已签到'),(38,'2023010720322','100001','2024-12-19 16:11:27','已签到'),(36,'2023010720322','100001','2024-12-19 15:48:41','已签到'),(37,'2023010720322','100001','2024-12-19 16:03:00','已签到'),(39,'2023010720322','100001','2024-12-19 16:21:13','已签到'),(40,'2023010720322','100001','2024-12-19 16:22:23','已签到'),(41,'2023010720322','100001','2024-12-19 16:23:40','已签到'),(42,'2023010720322','100001','2024-12-19 16:28:12','已签到'),(43,'2023010720322','100001','2024-12-19 16:31:36','已签到'),(44,'2023010720322','100001','2024-12-19 16:33:07','已签到'),(45,'2023010720322','100001','2024-12-19 16:35:47','已签到'),(46,'2023010720323','100001','2024-12-19 16:35:47','已签到'),(47,'2023010720322','100001','2024-12-19 16:40:46','缺勤'),(48,'2023010720323','100001','2024-12-19 16:40:46','缺勤'),(49,'2023010720322','100001','2024-12-19 16:41:54','缺勤'),(50,'2023010720323','100001','2024-12-19 16:41:54','缺勤'),(51,'2023010720322','100001','2024-12-19 16:46:01','已签到'),(52,'2023010720323','100001','2024-12-19 16:46:01','缺勤'),(53,'2023010720322','100001','2024-12-19 16:56:06','缺勤'),(54,'2023010720323','100001','2024-12-19 16:56:06','缺勤'),(55,'2023010720322','100001','2024-12-19 17:06:13','已签到'),(56,'2023010720323','100001','2024-12-19 17:06:13','缺勤'),(57,'2023010720322','100001','2024-12-19 17:11:44','已签到'),(58,'2023010720323','100001','2024-12-19 17:11:44','缺勤'),(59,'2023010720322','100001','2024-12-19 17:14:43','已签到'),(60,'2023010720323','100001','2024-12-19 17:14:43','缺勤'),(61,'2023010720322','100001','2024-12-19 17:16:44','已签到'),(62,'2023010720323','100001','2024-12-19 17:16:44','缺勤'),(63,'2023010720322','100001','2024-12-19 17:18:35','缺勤'),(64,'2023010720323','100001','2024-12-19 17:18:35','缺勤'),(65,'2023010720322','100001','2024-12-19 17:21:40','缺勤'),(66,'2023010720323','100001','2024-12-19 17:21:40','缺勤'),(67,'2023010720322','100001','2024-12-19 17:22:31','已签到'),(68,'2023010720323','100001','2024-12-19 17:22:31','缺勤'),(69,'2023010720322','100001','2024-12-19 17:23:06','已签到'),(70,'2023010720323','100001','2024-12-19 17:23:06','缺勤'),(71,'2023010720322','100001','2024-12-19 17:25:03','已签到'),(72,'2023010720323','100001','2024-12-19 17:25:03','缺勤'),(73,'2023010720322','100001','2024-12-19 17:30:37','已签到'),(74,'2023010720323','100001','2024-12-19 17:30:37','缺勤'),(75,'2023010720322','100001','2024-12-19 17:31:19','已签到'),(76,'2023010720323','100001','2024-12-19 17:31:19','缺勤'),(77,'2023010720322','100001','2024-12-19 17:31:48','已签到'),(78,'2023010720323','100001','2024-12-19 17:31:48','缺勤'),(79,'2023010720322','100001','2024-12-19 17:32:23','已签到'),(80,'2023010720323','100001','2024-12-19 17:32:23','缺勤'),(81,'2023010720322','100001','2024-12-19 17:34:30','已签到'),(82,'2023010720323','100001','2024-12-19 17:34:30','缺勤'),(83,'2023010720322','100001','2024-12-22 13:21:55','已签到'),(84,'2023010720323','100001','2024-12-22 13:21:55','缺勤'),(85,'2023010720322','100001','2024-12-22 13:24:35','已签到'),(86,'2023010720323','100001','2024-12-22 13:24:35','缺勤'),(87,'2023010720322','100001','2024-12-22 13:44:14','已签到'),(88,'2023010720323','100001','2024-12-22 13:44:14','缺勤'),(89,'2023010720322','100001','2024-12-22 13:44:58','已签到'),(90,'2023010720323','100001','2024-12-22 13:44:58','缺勤'),(91,'2023010720322','100001','2024-12-22 13:47:58','已签到'),(92,'2023010720323','100001','2024-12-22 13:47:58','缺勤'),(93,'2023010720322','100001','2024-12-22 13:48:51','已签到'),(94,'2023010720323','100001','2024-12-22 13:48:51','缺勤'),(95,'2023010720322','100001','2024-12-22 13:49:44','已签到'),(96,'2023010720323','100001','2024-12-22 13:49:44','缺勤'),(97,'2023010720322','100001','2024-12-22 13:51:22','已签到'),(98,'2023010720323','100001','2024-12-22 13:51:22','缺勤'),(99,'2023010720322','100001','2024-12-22 13:53:01','已签到'),(100,'2023010720323','100001','2024-12-22 13:53:01','缺勤'),(101,'2023010720322','100001','2024-12-22 13:58:33','已签到'),(102,'2023010720323','100001','2024-12-22 13:58:33','缺勤'),(103,'2023010720322','100001','2024-12-22 14:02:50','已签到'),(104,'2023010720323','100001','2024-12-22 14:02:50','缺勤'),(105,'2023010720322','100001','2024-12-22 14:08:09','已签到'),(106,'2023010720323','100001','2024-12-22 14:08:09','缺勤'),(107,'2023010720322','100001','2024-12-22 14:09:04','缺勤'),(108,'2023010720323','100001','2024-12-22 14:09:04','缺勤'),(109,'2023010720322','100001','2024-12-22 14:11:42','已签到'),(110,'2023010720323','100001','2024-12-22 14:11:42','缺勤'),(111,'2023010720322','100001','2024-12-22 14:14:19','已签到'),(112,'2023010720323','100001','2024-12-22 14:14:19','缺勤'),(113,'2023010720322','100001','2024-12-22 14:15:37','已签到'),(114,'2023010720323','100001','2024-12-22 14:15:37','缺勤'),(115,'2023010720322','100001','2024-12-22 14:18:30','已签到'),(116,'2023010720323','100001','2024-12-22 14:18:30','缺勤'),(117,'2023010720322','100001','2024-12-22 14:19:22','已签到'),(118,'2023010720323','100001','2024-12-22 14:19:22','缺勤'),(119,'2023010720322','100001','2024-12-23 13:04:11','已签到'),(120,'2023010720323','100001','2024-12-23 13:04:11','缺勤'),(121,'2023010720322','100001','2024-12-23 13:33:32','缺勤'),(122,'2023010720323','100001','2024-12-23 13:33:32','缺勤'),(123,'2023010720322','100001','2024-12-23 13:34:11','已签到'),(124,'2023010720323','100001','2024-12-23 13:34:11','缺勤'),(125,'2023010720322','100001','2024-12-23 13:34:39','已签到'),(126,'2023010720323','100001','2024-12-23 13:34:39','缺勤'),(127,'2023010720322','100001','2024-12-23 13:41:23','已签到'),(128,'2023010720323','100001','2024-12-23 13:41:23','缺勤'),(129,'2023010720322','100001','2024-12-23 13:41:55','已签到'),(130,'2023010720323','100001','2024-12-23 13:41:55','缺勤'),(131,'2023010720322','100001','2024-12-23 13:43:33','缺勤'),(132,'2023010720323','100001','2024-12-23 13:43:33','缺勤'),(133,'2023010720322','100001','2024-12-23 13:44:43','缺勤'),(134,'2023010720323','100001','2024-12-23 13:44:43','缺勤'),(135,'2023010720322','100001','2024-12-23 13:56:00','缺勤'),(136,'2023010720323','100001','2024-12-23 13:56:00','缺勤'),(137,'2023010720322','100001','2024-12-23 13:59:30','缺勤'),(138,'2023010720323','100001','2024-12-23 13:59:30','缺勤'),(139,'2023010720322','100001','2024-12-23 14:00:09','缺勤'),(140,'2023010720323','100001','2024-12-23 14:00:09','缺勤'),(141,'2023010720322','100001','2024-12-23 14:02:09','缺勤'),(142,'2023010720323','100001','2024-12-23 14:02:09','缺勤');
/*!40000 ALTER TABLE `attendance` ENABLE KEYS */;
UNLOCK TABLES;

--
-- Table structure for table `courses`
--

DROP TABLE IF EXISTS `courses`;
/*!40101 SET @saved_cs_client     = @@character_set_client */;
/*!50503 SET character_set_client = utf8mb4 */;
CREATE TABLE `courses` (
  `c_id` varchar(6) CHARACTER SET utf8mb3 COLLATE utf8mb3_unicode_ci NOT NULL,
  `t_id` varchar(8) CHARACTER SET utf8mb3 COLLATE utf8mb3_unicode_ci NOT NULL,
  `c_name` varchar(100) CHARACTER SET utf8mb3 COLLATE utf8mb3_unicode_ci NOT NULL,
  `times` text CHARACTER SET utf8mb3 COLLATE utf8mb3_unicode_ci,
  `flag` varchar(50) CHARACTER SET utf8mb3 COLLATE utf8mb3_unicode_ci DEFAULT NULL,
  `attendance_status` tinyint(1) DEFAULT '0',
  `attendance_course_id` varchar(100) COLLATE utf8mb3_unicode_ci DEFAULT NULL,
  PRIMARY KEY (`c_id`),
  UNIQUE KEY `attendance_course_id` (`attendance_course_id`),
  KEY `t_id` (`t_id`)
) ENGINE=MyISAM DEFAULT CHARSET=utf8mb3 COLLATE=utf8mb3_unicode_ci;
/*!40101 SET character_set_client = @saved_cs_client */;

--
-- Dumping data for table `courses`
--

LOCK TABLES `courses` WRITE;
/*!40000 ALTER TABLE `courses` DISABLE KEYS */;
INSERT INTO `courses` VALUES ('100001','20240001','Python程序设计','0000-00-00 00:00/2024-11-07 22:59:21/2024-11-07 23:04:41/2024-12-04 13:33:50/2024-12-04 13:36:22/2024-12-04 13:43:35/2024-12-04 13:59:21/2024-12-04 14:00:18/2024-12-06 14:55:36/2024-12-06 22:05:54/2024-12-18 19:21:04/2024-12-19 10:41:25/2024-12-19 10:48:20/2024-12-19 11:08:47/2024-12-19 11:42:28/2024-12-19 11:45:10/2024-12-19 12:08:24/2024-12-19 13:34:28/2024-12-19 13:36:12/2024-12-19 13:39:53/2024-12-19 13:52:39/2024-12-19 13:55:31/2024-12-19 13:59:28/2024-12-19 14:01:52/2024-12-19 14:04:06/2024-12-19 14:25:14/2024-12-19 14:29:02/2024-12-19 14:35:40/2024-12-19 14:36:02/2024-12-19 14:40:08/2024-12-19 14:51:42/2024-12-19 14:55:29/2024-12-19 14:57:23/2024-12-19 15:00:24/2024-12-19 15:09:42/2024-12-19 15:13:18/2024-12-19 15:17:53/2024-12-19 15:48:41/2024-12-19 16:03:00/2024-12-19 16:11:27/2024-12-19 16:21:13/2024-12-19 16:22:23/2024-12-19 16:23:40/2024-12-19 16:28:12/2024-12-19 16:31:36/2024-12-19 16:33:07/2024-12-19 16:35:47/2024-12-19 16:40:46/2024-12-19 16:41:54/2024-12-19 16:46:01/2024-12-19 16:56:06/2024-12-19 17:06:13/2024-12-19 17:11:44/2024-12-19 17:14:43/2024-12-19 17:16:44/2024-12-19 17:18:35/2024-12-19 17:21:40/2024-12-19 17:22:31/2024-12-19 17:23:06/2024-12-19 17:25:03/2024-12-19 17:30:37/2024-12-19 17:31:19/2024-12-19 17:31:48/2024-12-19 17:32:23/2024-12-19 17:34:30/2024-12-22 13:21:55/2024-12-22 13:24:35/2024-12-22 13:44:14/2024-12-22 13:44:58/2024-12-22 13:47:58/2024-12-22 13:48:51/2024-12-22 13:49:44/2024-12-22 13:51:22/2024-12-22 13:53:01/2024-12-22 13:58:33/2024-12-22 14:02:50/2024-12-22 14:08:09/2024-12-22 14:09:04/2024-12-22 14:11:42/2024-12-22 14:14:19/2024-12-22 14:15:37/2024-12-22 14:18:30/2024-12-22 14:19:22/2024-12-23 13:04:11/2024-12-23 13:33:32/2024-12-23 13:34:11/2024-12-23 13:34:39/2024-12-23 13:41:23/2024-12-23 13:41:55/2024-12-23 13:43:33/2024-12-23 13:44:43/2024-12-23 13:56:00/2024-12-23 13:59:30/2024-12-23 14:00:09/2024-12-23 14:02:09','可选课',0,NULL),('100002','20240001','数据结构','0000-00-00 00:00','可选课',0,NULL),('100003','20240001','计算机网络','0000-00-00 00:00','不可选课',0,NULL),('100004','20240002','Python程序设计','0000-00-00 00:00/2024-12-22 13:21:24','可选课',0,NULL),('100005','20240003','操作系统','0000-00-00 00:00','可选课',0,NULL);
/*!40000 ALTER TABLE `courses` ENABLE KEYS */;
UNLOCK TABLES;

--
-- Table structure for table `student_course`
--

DROP TABLE IF EXISTS `student_course`;
/*!40101 SET @saved_cs_client     = @@character_set_client */;
/*!50503 SET character_set_client = utf8mb4 */;
CREATE TABLE `student_course` (
  `s_id` varchar(13) CHARACTER SET utf8mb3 COLLATE utf8mb3_unicode_ci NOT NULL,
  `c_id` varchar(100) CHARACTER SET utf8mb3 COLLATE utf8mb3_unicode_ci NOT NULL,
  PRIMARY KEY (`s_id`,`c_id`),
  KEY `c_id` (`c_id`)
) ENGINE=MyISAM DEFAULT CHARSET=utf8mb3 COLLATE=utf8mb3_unicode_ci;
/*!40101 SET character_set_client = @saved_cs_client */;

--
-- Dumping data for table `student_course`
--

LOCK TABLES `student_course` WRITE;
/*!40000 ALTER TABLE `student_course` DISABLE KEYS */;
INSERT INTO `student_course` VALUES ('2017317210101','100011'),('2017317210102','100011'),('2023010720322','100001'),('2023010720322','100002'),('2023010720323','100001');
/*!40000 ALTER TABLE `student_course` ENABLE KEYS */;
UNLOCK TABLES;

--
-- Table structure for table `student_faces`
--

DROP TABLE IF EXISTS `student_faces`;
/*!40101 SET @saved_cs_client     = @@character_set_client */;
/*!50503 SET character_set_client = utf8mb4 */;
CREATE TABLE `student_faces` (
  `s_id` varchar(13) CHARACTER SET utf8mb3 COLLATE utf8mb3_unicode_ci NOT NULL,
  `feature` text CHARACTER SET utf8mb3 COLLATE utf8mb3_unicode_ci NOT NULL,
  PRIMARY KEY (`s_id`)
) ENGINE=MyISAM DEFAULT CHARSET=utf8mb3 COLLATE=utf8mb3_unicode_ci;
/*!40101 SET character_set_client = @saved_cs_client */;

--
-- Dumping data for table `student_faces`
--

LOCK TABLES `student_faces` WRITE;
/*!40000 ALTER TABLE `student_faces` DISABLE KEYS */;
INSERT INTO `student_faces` VALUES ('2023010720322','-0.19477009475231172,0.19501850008964539,0.07933630049228668,-0.07818027138710022,-0.13771028816699982,-0.005973034165799617,-0.11472592502832413,-0.09530961960554123,0.1168660894036293,-0.0637771725654602,0.2939427256584167,-0.020093518868088724,-0.22705031633377076,-0.14147732853889466,-0.08665869981050492,0.2052142560482025,-0.21742298305034638,-0.14999912083148956,-0.019487662985920907,-0.0030117392539978026,0.1351284861564636,0.036432858929038046,0.023245064541697502,0.0046241993084549906,-0.08385602533817291,-0.38425992131233216,-0.03046097457408905,-0.04005633294582367,-0.0007707556709647178,-0.03314888924360275,-0.04452565982937813,0.009313829679740593,-0.2006508767604828,-0.08413329124450683,-0.003667123056948185,0.11179031431674957,-0.002937635313719511,-0.02342183832079172,0.14152660071849824,-0.04145986959338188,-0.25427723824977877,0.03007815554738045,0.12232045233249664,0.23881948590278626,0.23372109830379487,0.06408384889364242,-0.010857544280588627,-0.10362849831581115,0.10007998943328858,-0.20796453356742858,0.008447472751140595,0.1685471385717392,0.09452271312475205,0.034685542434453966,0.02095879800617695,-0.15009510815143584,-0.019599453546106815,0.15024630427360536,-0.11470119059085845,-0.023393476940691472,0.023082029446959494,-0.087362340092659,0.003568432852625847,-0.1265075534582138,0.22521351873874665,0.08555269837379456,-0.13119626343250274,-0.15959416329860687,0.08418978303670883,-0.08559875041246415,-0.1279767483472824,0.06795678138732911,-0.149488964676857,-0.1589207708835602,-0.3577233195304871,0.004830599389970302,0.3808198213577271,0.07832119464874268,-0.20204173028469086,0.025780665501952172,-0.012771159550175071,-0.017269370425492526,0.09025125950574875,0.14001844823360443,-0.031595562025904654,0.008468670584261418,-0.14622393250465393,-0.03646500669419765,0.20596174895763397,-0.041771961748600005,-0.033134334906935695,0.23100797832012177,0.005740160495042801,0.1210218384861946,0.02326716938987374,0.10236629694700242,-0.09411265701055527,0.03546389788389206,-0.17031634151935576,-0.046706473082304,0.015705223940312863,-0.04345293752849102,-0.030095119308680297,0.10663093030452728,-0.1197662353515625,0.05786479786038399,0.006346781738102436,0.0983130842447281,-0.020367075875401496,-0.02433644365519285,-0.030088095366954802,-0.04971520528197289,0.10889836400747299,-0.15607826113700868,0.22529523372650145,0.20060767531394957,0.026209237426519393,0.14813501834869386,0.21132522821426392,0.041915717720985415,-0.02017393261194229,-0.0277538925409317,-0.16432666778564453,-0.04987918436527252,0.07762804627418518,-0.07096377611160279,0.13268030136823655,0.0374711811542511'),('2023010720323','-0.012321702716872097,0.06638704463839531,0.025209292024374007,-0.019588514929637313,-0.09229010716080666,-0.059460832923650744,-0.013828304596245289,-0.12470025420188904,0.11233502477407456,-0.04978729449212551,0.21072328686714173,-0.07715095356106758,-0.26188756823539733,-0.07838324978947639,-0.05791939720511437,0.15261322557926177,-0.15218926668167115,-0.04795706495642662,-0.1002730280160904,-0.011554169841110707,0.031789312185719606,0.0733726479113102,0.09163712114095687,0.01779544334858656,-0.024640989303588868,-0.3544313311576843,-0.061674903333187106,-0.11676092892885208,-0.013972261920571327,-0.037203049287199974,-0.0552526218816638,0.08556066155433655,-0.13377973884344102,-0.08184986859560013,0.048458126932382585,0.04666976891458034,-0.07494860291481018,-0.035600213706493376,0.2236103445291519,0.013780324161052704,-0.2041662186384201,-0.030981652438640594,0.05367663390934467,0.2206714540719986,0.20070509910583495,0.07912660017609596,-0.0036344362422823908,-0.12037333697080613,0.08246477842330932,-0.19362395107746125,0.048612070828676225,0.13240374028682708,0.09425633400678635,0.03693723184987903,0.017132431082427502,-0.10578173249959946,0.038823327049613,0.06867898553609848,-0.16955797374248505,-0.017685437574982643,0.09673074036836624,-0.1349588692188263,-0.06391972042620182,-0.020478660240769386,0.24087898731231688,0.06671431958675385,-0.09492508471012115,-0.1089219719171524,0.09652734100818634,-0.1747099906206131,-0.116468845307827,0.03326291516423226,-0.13693418353796005,-0.1430562376976013,-0.3142677962779999,-0.010528280958533287,0.3797875702381134,0.0862830214202404,-0.16384865641593932,0.010651668906211853,-0.0434799088165164,-0.014099678210914134,0.1369076758623123,0.12139330506324768,-0.07413133233785629,0.0016929280012845994,-0.10550375431776046,0.007042501121759415,0.15488238930702208,-0.1217267706990242,-0.06964799910783767,0.19937767088413239,-0.029426717013120652,0.0909247100353241,0.03850181512534619,0.005185906589031219,-0.04685639552772045,0.03167418288066983,-0.127829447388649,-0.030690287239849567,0.1639433056116104,-0.045027456060051915,0.029739487636834382,0.10432284325361252,-0.16088414788246155,0.07843534648418427,-0.03749474920332432,-0.007077681832015514,0.10803616493940353,-0.08451942652463913,-0.09833746403455734,-0.07173236533999443,0.17249422669410705,-0.16794514358043672,0.2060852438211441,0.14124370664358138,0.018302704393863677,0.0980155736207962,0.10147926732897758,0.06975581794977188,-0.03146541472524404,-0.02361404486000538,-0.22363582849502564,-0.04404623322188854,0.13647128790616989,0.03324630856513977,0.11566483229398727,-0.012335082422941923');
/*!40000 ALTER TABLE `student_faces` ENABLE KEYS */;
UNLOCK TABLES;

--
-- Table structure for table `students`
--

DROP TABLE IF EXISTS `students`;
/*!40101 SET @saved_cs_client     = @@character_set_client */;
/*!50503 SET character_set_client = utf8mb4 */;
CREATE TABLE `students` (
  `s_id` varchar(13) CHARACTER SET utf8mb3 COLLATE utf8mb3_unicode_ci NOT NULL,
  `s_name` varchar(80) CHARACTER SET utf8mb3 COLLATE utf8mb3_unicode_ci NOT NULL,
  `s_password` varchar(32) CHARACTER SET utf8mb3 COLLATE utf8mb3_unicode_ci NOT NULL,
  `flag` int DEFAULT NULL,
  `before` datetime DEFAULT NULL,
  PRIMARY KEY (`s_id`)
) ENGINE=MyISAM DEFAULT CHARSET=utf8mb3 COLLATE=utf8mb3_unicode_ci;
/*!40101 SET character_set_client = @saved_cs_client */;

--
-- Dumping data for table `students`
--

LOCK TABLES `students` WRITE;
/*!40000 ALTER TABLE `students` DISABLE KEYS */;
INSERT INTO `students` VALUES ('2023010720322','陈昊垒','123456',0,'2024-12-23 13:44:06'),('2023010720323','王晨宇','123456',0,'2025-02-18 13:04:41');
/*!40000 ALTER TABLE `students` ENABLE KEYS */;
UNLOCK TABLES;

--
-- Table structure for table `teachers`
--

DROP TABLE IF EXISTS `teachers`;
/*!40101 SET @saved_cs_client     = @@character_set_client */;
/*!50503 SET character_set_client = utf8mb4 */;
CREATE TABLE `teachers` (
  `t_id` varchar(8) CHARACTER SET utf8mb3 COLLATE utf8mb3_unicode_ci NOT NULL,
  `t_name` varchar(80) CHARACTER SET utf8mb3 COLLATE utf8mb3_unicode_ci NOT NULL,
  `t_password` varchar(32) CHARACTER SET utf8mb3 COLLATE utf8mb3_unicode_ci NOT NULL,
  `before` datetime DEFAULT NULL,
  PRIMARY KEY (`t_id`)
) ENGINE=MyISAM DEFAULT CHARSET=utf8mb3 COLLATE=utf8mb3_unicode_ci;
/*!40101 SET character_set_client = @saved_cs_client */;

--
-- Dumping data for table `teachers`
--

LOCK TABLES `teachers` WRITE;
/*!40000 ALTER TABLE `teachers` DISABLE KEYS */;
INSERT INTO `teachers` VALUES ('00000001','管理员','123456','2024-12-22 13:11:07'),('20240002','张爱','123456','2024-12-22 13:21:20'),('20240001','刘潘生','123456','2024-12-23 14:00:05'),('20240003','王佳','123456','2024-12-22 13:19:20');
/*!40000 ALTER TABLE `teachers` ENABLE KEYS */;
UNLOCK TABLES;

--
-- Table structure for table `users`
--

DROP TABLE IF EXISTS `users`;
/*!40101 SET @saved_cs_client     = @@character_set_client */;
/*!50503 SET character_set_client = utf8mb4 */;
CREATE TABLE `users` (
  `id` int NOT NULL AUTO_INCREMENT,
  `username` varchar(80) CHARACTER SET utf8mb3 COLLATE utf8mb3_unicode_ci DEFAULT NULL,
  `email` varchar(320) CHARACTER SET utf8mb3 COLLATE utf8mb3_unicode_ci DEFAULT NULL,
  `password` varchar(32) CHARACTER SET utf8mb3 COLLATE utf8mb3_unicode_ci NOT NULL,
  PRIMARY KEY (`id`),
  UNIQUE KEY `username` (`username`),
  UNIQUE KEY `email` (`email`)
) ENGINE=MyISAM AUTO_INCREMENT=2 DEFAULT CHARSET=utf8mb3 COLLATE=utf8mb3_unicode_ci;
/*!40101 SET character_set_client = @saved_cs_client */;

--
-- Dumping data for table `users`
--

LOCK TABLES `users` WRITE;
/*!40000 ALTER TABLE `users` DISABLE KEYS */;
INSERT INTO `users` VALUES (1,'root','513578967@qq.com','root');
/*!40000 ALTER TABLE `users` ENABLE KEYS */;
UNLOCK TABLES;
/*!40103 SET TIME_ZONE=@OLD_TIME_ZONE */;

/*!40101 SET SQL_MODE=@OLD_SQL_MODE */;
/*!40014 SET FOREIGN_KEY_CHECKS=@OLD_FOREIGN_KEY_CHECKS */;
/*!40014 SET UNIQUE_CHECKS=@OLD_UNIQUE_CHECKS */;
/*!40101 SET CHARACTER_SET_CLIENT=@OLD_CHARACTER_SET_CLIENT */;
/*!40101 SET CHARACTER_SET_RESULTS=@OLD_CHARACTER_SET_RESULTS */;
/*!40101 SET COLLATION_CONNECTION=@OLD_COLLATION_CONNECTION */;
/*!40111 SET SQL_NOTES=@OLD_SQL_NOTES */;

-- Dump completed on 2025-02-25 23:10:14
